{"cameraMode":{"drawMode":0,"name":"Shaded","section":"Shading Mode"},"sceneLighting":true,"audioPlay":false,"sceneViewState":{"showFog":true,"showMaterialUpdate":true,"showSkybox":true,"showFlares":true,"showImageEffects":true,"showParticleSystems":true},"in2DMode":false,"pivot":{"x":41.044700622558597,"y":54.69160461425781,"z":88.28870391845703},"rotation":{"x":-0.10182233899831772,"y":0.608467161655426,"z":-0.07912173122167587,"w":-0.783035159111023},"size":72.48247528076172,"orthographic":false}