{"cameraMode":{"drawMode":0,"name":"Shaded","section":"Shading Mode"},"sceneLighting":true,"audioPlay":false,"sceneViewState":{"showFog":true,"showMaterialUpdate":true,"showSkybox":true,"showFlares":true,"showImageEffects":true,"showParticleSystems":true},"in2DMode":false,"pivot":{"x":-4.028848171234131,"y":8.927623748779297,"z":-6.178017616271973},"rotation":{"x":-0.23183777928352357,"y":-0.2639257609844208,"z":0.0655137300491333,"w":-0.9339738488197327},"size":8.867223739624024,"orthographic":false}