{"cameraMode":{"drawMode":0,"name":"Shaded","section":"Shading Mode"},"sceneLighting":true,"audioPlay":false,"sceneViewState":{"showFog":true,"showMaterialUpdate":true,"showSkybox":true,"showFlares":true,"showImageEffects":true,"showParticleSystems":true},"in2DMode":false,"pivot":{"x":1.3174619674682618,"y":4.433495998382568,"z":-12.252150535583496},"rotation":{"x":-0.23183777928352357,"y":-0.2639257609844208,"z":0.0655137300491333,"w":-0.9339738488197327},"size":21.267852783203126,"orthographic":false}