{"cameraMode":{"drawMode":0,"name":"Shaded","section":"Shading Mode"},"sceneLighting":true,"audioPlay":false,"sceneViewState":{"showFog":true,"showMaterialUpdate":true,"showSkybox":true,"showFlares":true,"showImageEffects":true,"showParticleSystems":true},"in2DMode":false,"pivot":{"x":1.5276281833648682,"y":4.151882171630859,"z":-6.897895336151123},"rotation":{"x":-0.37902185320854189,"y":0.3238370418548584,"z":-0.14357347786426545,"w":-0.8549055457115173},"size":6.424084663391113,"orthographic":false}